Supply Type Code,Reverse Charges,e-Comm GSTIN,Igst on Intra,Document Type,Document Number,Document Date,Buyer GSTIN,Buyer Legal Name,Buyer Trade Name,Buyer POS,Buyer Addr1,Buyer Addr2,Buyer Location,Buyer Pin Code,Buyer State,Buyer Phone Number,Buyer Email id,Despatch Name,Despatch Addr1,Despatch Addr2,Despatch Location,Despatch Pin Code,Despatch State,Shipping GSTIN,Shipping Legal Name,Shipping Trade Name,Shipping Addr1,Shipping Addr2,Shipping Location,Shipping Pin Code,Shipping State,Sl.No.,Product Description,Is Service,HSN Code,Bar Code,Quantity,Free Quantity,Unit,Unit Price,Gross Amount,Discount,Pre Tax Value,Taxable Value,GST Rate (%),Sgst Amt (Rs),Cgst Amt (Rs),Igst Amt (Rs),Cess Rate (%),Cess Amt Adval (Rs),Cess Amt non Adval (Rs),State Cess Rate (%),State Cess Adval Amt (Rs),State Cess non Adval Amt (Rs),Other Charges,Item Total,Order line reference,Orgine Country,Unique Item Sl.No.,Batch Name,Batch Expiry Dt,Warranty Dt,Atribute Details of the items,Atribute Value of the items,Total Taxable,Sgst Amt,Cgst Amt,Igst Amt,Cess Amt,State Cess Amt,Discount,Other Charges,Round Off,Total Invoice Value,Shipping Bill No.,Shipping Bill Dt,Port,Refund Claim,Foreign Currency,Country Code,Export Duty Amount,Trans ID,Trans Name,Trans Mode,Distance,Trans Doc No.,Trans Doc Date,Vehicle No.,Vehicle Type,Error List,
B2B,No,,No,Tax Invoice,R-1/3981-25,31-07-2025,22DNAPK0027B1Z0,BRAND GENRIC MEDICAL STORE,BRAND GENRIC MEDICAL STORE,CHHATTISGARH,KRISNA TALKIES ROAD RISALI,,BHILAI,490006,CHHATTISGARH,,,,,,,,,,,,,,,,,1,COFSILS GINGER LEMON JAR 30 S,No,30049099,,96,0,PIECES,25,2400,500.08,0,1899.92,12,114,114,0,0,0,0,0,0,0,0,2127.92,,,,5M60058,,,,,6025.02,361.5,361.5,0,0,0,0,0,-0.02,6748,,,,,,,,,,,,,,,,,
B2B,No,,No,Tax Invoice,R-1/3981-25,31-07-2025,22DNAPK0027B1Z0,BRAND GENRIC MEDICAL STORE,BRAND GENRIC MEDICAL STORE,CHHATTISGARH,KRISNA TALKIES ROAD RISALI,,BHILAI,490006,CHHATTISGARH,,,,,,,,,,,,,,,,,2,COFSILS LOMEN HONEY JAR 30 S,No,30049099,,96,0,PIECES,27.14,2605.44,542.89,0,2062.55,12,123.75,123.75,0,0,0,0,0,0,0,0,2310.05,,,,5M60138,,,,,6025.02,361.5,361.5,0,0,0,0,0,-0.02,6748,,,,,,,,,,,,,,,,,
B2B,No,,No,Tax Invoice,R-1/3981-25,31-07-2025,22DNAPK0027B1Z0,BRAND GENRIC MEDICAL STORE,BRAND GENRIC MEDICAL STORE,CHHATTISGARH,KRISNA TALKIES ROAD RISALI,,BHILAI,490006,CHHATTISGARH,,,,,,,,,,,,,,,,,3,COFSILS ORANGE  JAR 30S,No,30049099,,96,0,PIECES,27.14,2605.44,542.89,0,2062.55,12,123.75,123.75,0,0,0,0,0,0,0,0,2310.05,,,,5M60101,,,,,6025.02,361.5,361.5,0,0,0,0,0,-0.02,6748,,,,,,,,,,,,,,,,,
B2B,No,,No,Tax Invoice,R-1/3981-25,31-07-2025,22DNAPK0027B1Z0,BRAND GENRIC MEDICAL STORE,BRAND GENRIC MEDICAL STORE,CHHATTISGARH,KRISNA TALKIES ROAD RISALI,,BHILAI,490006,CHHATTISGARH,,,,,,,,,,,,,,,,,4,COFSILS GINGER LEMON JAR 30 S,No,30049099,,0,18,PIECES,25,0,0,0,0,12,0,0,0,0,0,0,0,0,0,0,0,,,,5M60058,,,,,6025.02,361.5,361.5,0,0,0,0,0,-0.02,6748,,,,,,,,,,,,,,,,,
B2B,No,,No,Tax Invoice,R-1/3981-25,31-07-2025,22DNAPK0027B1Z0,BRAND GENRIC MEDICAL STORE,BRAND GENRIC MEDICAL STORE,CHHATTISGARH,KRISNA TALKIES ROAD RISALI,,BHILAI,490006,CHHATTISGARH,,,,,,,,,,,,,,,,,5,COFSILS MEDICATED COUGH SYRUP 100 ML,No,30049099,,0,45,PIECES,70.71,0,0,0,0,12,0,0,0,0,0,0,0,0,0,0,0,,,,CHL40178,,,,,6025.02,361.5,361.5,0,0,0,0,0,-0.02,6748,,,,,,,,,,,,,,,,,
B2B,No,,No,Tax Invoice,R-1/4037-25,31-07-2025,22AAFFB3499R1ZW,BHARAT AGENCIES,BHARAT AGENCIES,CHHATTISGARH,MARWADI SCHOOL ROAD,,DURG,491001,CHHATTISGARH,,,,,,,,,,,,,,,,,1,BECOZYM-C-FORT 10  S,No,30045090,,200,10,PIECES,31.42,6284,439.88,0,5844.12,12,350.65,350.65,0,0,0,0,0,0,0,0,6545.42,,,,3731,,,,,12417.8,566.04,566.04,0,0,0,200,0,0.12,13350,,,,,,,,,,,,,,,,,
B2B,No,,No,Tax Invoice,R-1/4037-25,31-07-2025,22AAFFB3499R1ZW,BHARAT AGENCIES,BHARAT AGENCIES,CHHATTISGARH,MARWADI SCHOOL ROAD,,DURG,491001,CHHATTISGARH,,,,,,,,,,,,,,,,,2,DUPHALAC LEMON 150ML,No,30049039,,20,0,PIECES,150,3000,210,0,2790,5,69.75,69.75,0,0,0,0,0,0,0,0,2929.5,,,,783145D7,,,,,12417.8,566.04,566.04,0,0,0,200,0,0.12,13350,,,,,,,,,,,,,,,,,
B2B,No,,No,Tax Invoice,R-1/4037-25,31-07-2025,22AAFFB3499R1ZW,BHARAT AGENCIES,BHARAT AGENCIES,CHHATTISGARH,MARWADI SCHOOL ROAD,,DURG,491001,CHHATTISGARH,,,,,,,,,,,,,,,,,3,DUPHALAC LEMON 250ML 250 ML,No,30049039,,10,0,PIECES,250,2500,175,0,2325,5,58.12,58.12,0,0,0,0,0,0,0,0,2441.24,,,,763160D7,,,,,12417.8,566.04,566.04,0,0,0,200,0,0.12,13350,,,,,,,,,,,,,,,,,
B2B,No,,No,Tax Invoice,R-1/4037-25,31-07-2025,22AAFFB3499R1ZW,BHARAT AGENCIES,BHARAT AGENCIES,CHHATTISGARH,MARWADI SCHOOL ROAD,,DURG,491001,CHHATTISGARH,,,,,,,,,,,,,,,,,4,I-KNOW 5  S,No,38221910,,3,0,PIECES,392.12,1176.36,82.35,0,1094.01,12,65.64,65.64,0,0,0,0,0,0,0,0,1225.29,,,,IKFF004,,,,,12417.8,566.04,566.04,0,0,0,200,0,0.12,13350,,,,,,,,,,,,,,,,,
B2B,No,,No,Tax Invoice,R-1/4037-25,31-07-2025,22AAFFB3499R1ZW,BHARAT AGENCIES,BHARAT AGENCIES,CHHATTISGARH,MARWADI SCHOOL ROAD,,DURG,491001,CHHATTISGARH,,,,,,,,,,,,,,,,,5,I-KNOW 5  S,No,38221910,,1,0,PIECES,392.12,392.12,27.45,0,364.67,12,21.88,21.88,0,0,0,0,0,0,0,0,408.43,,,,009,,,,,12417.8,566.04,566.04,0,0,0,200,0,0.12,13350,,,,,,,,,,,,,,,,,
B2B,No,,No,Tax Invoice,R-1/4039-25,31-07-2025,22ACIPJ9385M1Z1,RAVINDRA MEDICAL STORE,RAVINDRA MEDICAL STORE,CHHATTISGARH,JIVAN REKHA PARISAR,,DURG,491001,CHHATTISGARH,,,,,,,,,,,,,,,,,1,FERRADOL MALT- 200,No,19019010,,12,0,PIECES,125.43,1505.16,105.36,0,1399.8,18,125.98,125.98,0,0,0,0,0,0,0,0,1651.76,,,,001,,,,,4788.72,430.99,430.99,0,0,0,0,0,0.3,5651,,,,,,,,,,,,,,,,,
B2B,No,,No,Tax Invoice,R-1/4039-25,31-07-2025,22ACIPJ9385M1Z1,RAVINDRA MEDICAL STORE,RAVINDRA MEDICAL STORE,CHHATTISGARH,JIVAN REKHA PARISAR,,DURG,491001,CHHATTISGARH,,,,,,,,,,,,,,,,,2,GLY-SEB SOAP 75GM,No,34011190,,20,0,PIECES,74.15,1483,103.81,0,1379.19,18,124.13,124.13,0,0,0,0,0,0,0,0,1627.45,,,,119,,,,,4788.72,430.99,430.99,0,0,0,0,0,0.3,5651,,,,,,,,,,,,,,,,,
B2B,No,,No,Tax Invoice,R-1/4039-25,31-07-2025,22ACIPJ9385M1Z1,RAVINDRA MEDICAL STORE,RAVINDRA MEDICAL STORE,CHHATTISGARH,JIVAN REKHA PARISAR,,DURG,491001,CHHATTISGARH,,,,,,,,,,,,,,,,,3,MARKAL CALAMINE 60ML,No,33049930,,10,0,PIECES,67.8,678,47.46,0,630.54,18,56.75,56.75,0,0,0,0,0,0,0,0,744.04,,,,1044,,,,,4788.72,430.99,430.99,0,0,0,0,0,0.3,5651,,,,,,,,,,,,,,,,,
B2B,No,,No,Tax Invoice,R-1/4039-25,31-07-2025,22ACIPJ9385M1Z1,RAVINDRA MEDICAL STORE,RAVINDRA MEDICAL STORE,CHHATTISGARH,JIVAN REKHA PARISAR,,DURG,491001,CHHATTISGARH,,,,,,,,,,,,,,,,,4,P-SCAB SOAP 75GM,No,34011110,,20,0,PIECES,74.15,1483,103.81,0,1379.19,18,124.13,124.13,0,0,0,0,0,0,0,0,1627.45,,,,73,,,,,4788.72,430.99,430.99,0,0,0,0,0,0.3,5651,,,,,,,,,,,,,,,,,
B2B,No,,No,Tax Invoice,R-1/4040-25,31-07-2025,22ADHPJ0849C1Z2,SATENDRA MEDICOSE,SATENDRA MEDICOSE,CHHATTISGARH,JIVAN REKHA PARISAR,,DURG,491001,CHHATTISGARH,,,,,,,,,,,,,,,,,1,COLAX TAB 10'S,No,30049099,,15,0,PIECES,86.42,1296.3,90.74,0,1205.56,12,72.33,72.33,0,0,0,0,0,0,0,0,1350.22,,,,CLX010125,,,,,2866.26,171.98,171.98,0,0,0,0,0,-0.22,3210,,,,,,,,,,,,,,,,,
B2B,No,,No,Tax Invoice,R-1/4040-25,31-07-2025,22ADHPJ0849C1Z2,SATENDRA MEDICOSE,SATENDRA MEDICOSE,CHHATTISGARH,JIVAN REKHA PARISAR,,DURG,491001,CHHATTISGARH,,,,,,,,,,,,,,,,,2,COLAX TAB 10'S,No,30049099,,5,0,PIECES,86.42,432.1,30.25,0,401.85,12,24.11,24.11,0,0,0,0,0,0,0,0,450.07,,,,010125,,,,,2866.26,171.98,171.98,0,0,0,0,0,-0.22,3210,,,,,,,,,,,,,,,,,
B2B,No,,No,Tax Invoice,R-1/4040-25,31-07-2025,22ADHPJ0849C1Z2,SATENDRA MEDICOSE,SATENDRA MEDICOSE,CHHATTISGARH,JIVAN REKHA PARISAR,,DURG,491001,CHHATTISGARH,,,,,,,,,,,,,,,,,3,COSVATE GM SMALL 20GM,No,30043200,,45,5,PIECES,26.88,1209.6,84.67,0,1124.93,12,67.5,67.5,0,0,0,0,0,0,0,0,1259.93,,,,5025,,,,,2866.26,171.98,171.98,0,0,0,0,0,-0.22,3210,,,,,,,,,,,,,,,,,
B2B,No,,No,Tax Invoice,R-1/4040-25,31-07-2025,22ADHPJ0849C1Z2,SATENDRA MEDICOSE,SATENDRA MEDICOSE,CHHATTISGARH,JIVAN REKHA PARISAR,,DURG,491001,CHHATTISGARH,,,,,,,,,,,,,,,,,4,PARASAFE TAB 10'S,No,30049069,,20,0,PIECES,7.2,144,10.08,0,133.92,12,8.04,8.04,0,0,0,0,0,0,0,0,150,,,,020125,,,,,2866.26,171.98,171.98,0,0,0,0,0,-0.22,3210,,,,,,,,,,,,,,,,,
B2B,No,,No,Tax Invoice,R-1/4041-25,31-07-2025,22ACIPJ0528Q1ZI,RAJAT PHARMA,RAJAT PHARMA,CHHATTISGARH,JIVANREKHA PARISAR,,DURG,491001,CHHATTISGARH,,,,,,,,,,,,,,,,,1,ALODERM-CREAM 50GM,No,33049990,,10,1,PIECES,162.71,1627.1,113.9,0,1513.2,18,136.19,136.19,0,0,0,0,0,0,0,0,1785.58,,,,BS40019,,,,,26818.85,1654.54,1654.54,0,0,0,0,0,0.07,30128,,,,,,,,,,,,,,,,,
B2B,No,,No,Tax Invoice,R-1/4041-25,31-07-2025,22ACIPJ0528Q1ZI,RAJAT PHARMA,RAJAT PHARMA,CHHATTISGARH,JIVANREKHA PARISAR,,DURG,491001,CHHATTISGARH,,,,,,,,,,,,,,,,,2,ERITEL 40MG TAB 15  S,No,300490,,5,0,PIECES,81.11,405.55,28.39,0,377.16,12,22.63,22.63,0,0,0,0,0,0,0,0,422.42,,,,AETL24005,,,,,26818.85,1654.54,1654.54,0,0,0,0,0,0.07,30128,,,,,,,,,,,,,,,,,
B2B,No,,No,Tax Invoice,R-1/4041-25,31-07-2025,22ACIPJ0528Q1ZI,RAJAT PHARMA,RAJAT PHARMA,CHHATTISGARH,JIVANREKHA PARISAR,,DURG,491001,CHHATTISGARH,,,,,,,,,,,,,,,,,3,FEMCINOL-A-20 GM 20  GM,No,30042095,,20,2,PIECES,146.43,2928.6,205,0,2723.6,12,163.42,163.42,0,0,0,0,0,0,0,0,3050.44,,,,BR50008,,,,,26818.85,1654.54,1654.54,0,0,0,0,0,0.07,30128,,,,,,,,,,,,,,,,,
B2B,No,,No,Tax Invoice,R-1/4041-25,31-07-2025,22ACIPJ0528Q1ZI,RAJAT PHARMA,RAJAT PHARMA,CHHATTISGARH,JIVANREKHA PARISAR,,DURG,491001,CHHATTISGARH,,,,,,,,,,,,,,,,,4,GLIMISAVE-M2 MG TAB 15   S,No,300490,,10,0,PIECES,172.54,1725.4,120.78,0,1604.62,12,96.28,96.28,0,0,0,0,0,0,0,0,1797.18,,,,25002,,,,,26818.85,1654.54,1654.54,0,0,0,0,0,0.07,30128,,,,,,,,,,,,,,,,,
B2B,No,,No,Tax Invoice,R-1/4041-25,31-07-2025,22ACIPJ0528Q1ZI,RAJAT PHARMA,RAJAT PHARMA,CHHATTISGARH,JIVANREKHA PARISAR,,DURG,491001,CHHATTISGARH,,,,,,,,,,,,,,,,,5,GLIMISAVE-MV-1 10   S,No,300490,,2,0,PIECES,192.57,385.14,26.96,0,358.18,12,21.49,21.49,0,0,0,0,0,0,0,0,401.16,,,,AGMA24003,,,,,26818.85,1654.54,1654.54,0,0,0,0,0,0.07,30128,,,,,,,,,,,,,,,,,
B2B,No,,No,Tax Invoice,R-1/4041-25,31-07-2025,22ACIPJ0528Q1ZI,RAJAT PHARMA,RAJAT PHARMA,CHHATTISGARH,JIVANREKHA PARISAR,,DURG,491001,CHHATTISGARH,,,,,,,,,,,,,,,,,6,GLIMISAVE-MV-1 10   S,No,300490,,2,0,PIECES,192.57,385.14,26.96,0,358.18,12,21.49,21.49,0,0,0,0,0,0,0,0,401.16,,,,AGMA24003,,,,,26818.85,1654.54,1654.54,0,0,0,0,0,0.07,30128,,,,,,,,,,,,,,,,,
B2B,No,,No,Tax Invoice,R-1/4041-25,31-07-2025,22ACIPJ0528Q1ZI,RAJAT PHARMA,RAJAT PHARMA,CHHATTISGARH,JIVANREKHA PARISAR,,DURG,491001,CHHATTISGARH,,,,,,,,,,,,,,,,,7,GLIMISAVE-MV-1 10   S,No,300490,,2,0,PIECES,192.57,385.14,26.96,0,358.18,12,21.49,21.49,0,0,0,0,0,0,0,0,401.16,,,,AGMA24003,,,,,26818.85,1654.54,1654.54,0,0,0,0,0,0.07,30128,,,,,,,,,,,,,,,,,
B2B,No,,No,Tax Invoice,R-1/4041-25,31-07-2025,22ACIPJ0528Q1ZI,RAJAT PHARMA,RAJAT PHARMA,CHHATTISGARH,JIVANREKHA PARISAR,,DURG,491001,CHHATTISGARH,,,,,,,,,,,,,,,,,8,GLIMISAVE-MV-3.3 15  S,No,300490,,10,0,PIECES,119.9,1199,83.93,0,1115.07,12,66.9,66.9,0,0,0,0,0,0,0,0,1248.87,,,,GGSZ25012,,,,,26818.85,1654.54,1654.54,0,0,0,0,0,0.07,30128,,,,,,,,,,,,,,,,,
B2B,No,,No,Tax Invoice,R-1/4041-25,31-07-2025,22ACIPJ0528Q1ZI,RAJAT PHARMA,RAJAT PHARMA,CHHATTISGARH,JIVANREKHA PARISAR,,DURG,491001,CHHATTISGARH,,,,,,,,,,,,,,,,,9,LNBLOC-10 15S,No,30049099,,10,0,PIECES,139.74,1397.4,97.82,0,1299.58,12,77.97,77.97,0,0,0,0,0,0,0,0,1455.52,,,,ALNC24005,,,,,26818.85,1654.54,1654.54,0,0,0,0,0,0.07,30128,,,,,,,,,,,,,,,,,
B2B,No,,No,Tax Invoice,R-1/4041-25,31-07-2025,22ACIPJ0528Q1ZI,RAJAT PHARMA,RAJAT PHARMA,CHHATTISGARH,JIVANREKHA PARISAR,,DURG,491001,CHHATTISGARH,,,,,,,,,,,,,,,,,10,LNBLOC-5 15S,No,30049099,,8,0,PIECES,83.43,667.44,46.72,0,620.72,12,37.24,37.24,0,0,0,0,0,0,0,0,695.2,,,,25003,,,,,26818.85,1654.54,1654.54,0,0,0,0,0,0.07,30128,,,,,,,,,,,,,,,,,
B2B,No,,No,Tax Invoice,R-1/4041-25,31-07-2025,22ACIPJ0528Q1ZI,RAJAT PHARMA,RAJAT PHARMA,CHHATTISGARH,JIVANREKHA PARISAR,,DURG,491001,CHHATTISGARH,,,,,,,,,,,,,,,,,11,LNBLOC-5 15S,No,30049099,,2,0,PIECES,83.43,166.86,11.68,0,155.18,12,9.31,9.31,0,0,0,0,0,0,0,0,173.8,,,,ALNA24003,,,,,26818.85,1654.54,1654.54,0,0,0,0,0,0.07,30128,,,,,,,,,,,,,,,,,
B2B,No,,No,Tax Invoice,R-1/4041-25,31-07-2025,22ACIPJ0528Q1ZI,RAJAT PHARMA,RAJAT PHARMA,CHHATTISGARH,JIVANREKHA PARISAR,,DURG,491001,CHHATTISGARH,,,,,,,,,,,,,,,,,12,MACRABONIK 10S,No,300490,,10,0,PIECES,208.21,2082.1,145.75,0,1936.35,12,116.18,116.18,0,0,0,0,0,0,0,0,2168.71,,,,GMRA24005,,,,,26818.85,1654.54,1654.54,0,0,0,0,0,0.07,30128,,,,,,,,,,,,,,,,,
B2B,No,,No,Tax Invoice,R-1/4041-25,31-07-2025,22ACIPJ0528Q1ZI,RAJAT PHARMA,RAJAT PHARMA,CHHATTISGARH,JIVANREKHA PARISAR,,DURG,491001,CHHATTISGARH,,,,,,,,,,,,,,,,,13,MACRABONIK PLUS 10S,No,300490,,5,0,PIECES,238.7,1193.5,83.54,0,1109.96,12,66.6,66.6,0,0,0,0,0,0,0,0,1243.16,,,,GMCS250001,,,,,26818.85,1654.54,1654.54,0,0,0,0,0,0.07,30128,,,,,,,,,,,,,,,,,
B2B,No,,No,Tax Invoice,R-1/4041-25,31-07-2025,22ACIPJ0528Q1ZI,RAJAT PHARMA,RAJAT PHARMA,CHHATTISGARH,JIVANREKHA PARISAR,,DURG,491001,CHHATTISGARH,,,,,,,,,,,,,,,,,14,MACRABONIK PLUS 10S,No,300490,,3,0,PIECES,238.7,716.1,50.13,0,665.97,12,39.96,39.96,0,0,0,0,0,0,0,0,745.89,,,,25001,,,,,26818.85,1654.54,1654.54,0,0,0,0,0,0.07,30128,,,,,,,,,,,,,,,,,
B2B,No,,No,Tax Invoice,R-1/4041-25,31-07-2025,22ACIPJ0528Q1ZI,RAJAT PHARMA,RAJAT PHARMA,CHHATTISGARH,JIVANREKHA PARISAR,,DURG,491001,CHHATTISGARH,,,,,,,,,,,,,,,,,15,OLMIN-20 10 S,No,300490,,10,0,PIECES,137.96,1379.6,96.57,0,1283.03,12,76.98,76.98,0,0,0,0,0,0,0,0,1436.99,,,,AOMG25001,,,,,26818.85,1654.54,1654.54,0,0,0,0,0,0.07,30128,,,,,,,,,,,,,,,,,
B2B,No,,No,Tax Invoice,R-1/4041-25,31-07-2025,22ACIPJ0528Q1ZI,RAJAT PHARMA,RAJAT PHARMA,CHHATTISGARH,JIVANREKHA PARISAR,,DURG,491001,CHHATTISGARH,,,,,,,,,,,,,,,,,16,OLMIN-20-LN 10  S,No,300490,,10,0,PIECES,194.83,1948.3,136.38,0,1811.92,12,108.72,108.72,0,0,0,0,0,0,0,0,2029.36,,,,AOMF25001,,,,,26818.85,1654.54,1654.54,0,0,0,0,0,0.07,30128,,,,,,,,,,,,,,,,,
B2B,No,,No,Tax Invoice,R-1/4041-25,31-07-2025,22ACIPJ0528Q1ZI,RAJAT PHARMA,RAJAT PHARMA,CHHATTISGARH,JIVANREKHA PARISAR,,DURG,491001,CHHATTISGARH,,,,,,,,,,,,,,,,,17,OLMIN-TRIO-20 15S,No,300490,,9,0,PIECES,227.98,2051.82,143.63,0,1908.19,12,114.49,114.49,0,0,0,0,0,0,0,0,2137.17,,,,AOLU25003,,,,,26818.85,1654.54,1654.54,0,0,0,0,0,0.07,30128,,,,,,,,,,,,,,,,,
B2B,No,,No,Tax Invoice,R-1/4041-25,31-07-2025,22ACIPJ0528Q1ZI,RAJAT PHARMA,RAJAT PHARMA,CHHATTISGARH,JIVANREKHA PARISAR,,DURG,491001,CHHATTISGARH,,,,,,,,,,,,,,,,,18,OLMIN-TRIO-20 15S,No,300490,,1,0,PIECES,227.98,227.98,15.96,0,212.02,12,12.72,12.72,0,0,0,0,0,0,0,0,237.46,,,,AOLU25003,,,,,26818.85,1654.54,1654.54,0,0,0,0,0,0.07,30128,,,,,,,,,,,,,,,,,
B2B,No,,No,Tax Invoice,R-1/4041-25,31-07-2025,22ACIPJ0528Q1ZI,RAJAT PHARMA,RAJAT PHARMA,CHHATTISGARH,JIVANREKHA PARISAR,,DURG,491001,CHHATTISGARH,,,,,,,,,,,,,,,,,19,RABONIK-20 TAB 15   S,No,300490,,7,0,PIECES,126.18,883.26,61.83,0,821.43,12,49.29,49.29,0,0,0,0,0,0,0,0,920.01,,,,24010,,,,,26818.85,1654.54,1654.54,0,0,0,0,0,0.07,30128,,,,,,,,,,,,,,,,,
B2B,No,,No,Tax Invoice,R-1/4041-25,31-07-2025,22ACIPJ0528Q1ZI,RAJAT PHARMA,RAJAT PHARMA,CHHATTISGARH,JIVANREKHA PARISAR,,DURG,491001,CHHATTISGARH,,,,,,,,,,,,,,,,,20,RABONIK-20 TAB 15   S,No,300490,,3,0,PIECES,126.18,378.54,26.5,0,352.04,12,21.12,21.12,0,0,0,0,0,0,0,0,394.28,,,,GRBK25001,,,,,26818.85,1654.54,1654.54,0,0,0,0,0,0.07,30128,,,,,,,,,,,,,,,,,
B2B,No,,No,Tax Invoice,R-1/4041-25,31-07-2025,22ACIPJ0528Q1ZI,RAJAT PHARMA,RAJAT PHARMA,CHHATTISGARH,JIVANREKHA PARISAR,,DURG,491001,CHHATTISGARH,,,,,,,,,,,,,,,,,21,RABONIK-PLUS TAB 10'S,No,300490,,10,0,PIECES,204.6,2046,143.22,0,1902.78,12,114.17,114.17,0,0,0,0,0,0,0,0,2131.12,,,,25001,,,,,26818.85,1654.54,1654.54,0,0,0,0,0,0.07,30128,,,,,,,,,,,,,,,,,
B2B,No,,No,Tax Invoice,R-1/4041-25,31-07-2025,22ACIPJ0528Q1ZI,RAJAT PHARMA,RAJAT PHARMA,CHHATTISGARH,JIVANREKHA PARISAR,,DURG,491001,CHHATTISGARH,,,,,,,,,,,,,,,,,22,ROZPURE 5MG TAB 10S,No,30049099,,10,0,PIECES,70.71,707.1,49.5,0,657.6,12,39.46,39.46,0,0,0,0,0,0,0,0,736.52,,,,XT807,,,,,26818.85,1654.54,1654.54,0,0,0,0,0,0.07,30128,,,,,,,,,,,,,,,,,
B2B,No,,No,Tax Invoice,R-1/4041-25,31-07-2025,22ACIPJ0528Q1ZI,RAJAT PHARMA,RAJAT PHARMA,CHHATTISGARH,JIVANREKHA PARISAR,,DURG,491001,CHHATTISGARH,,,,,,,,,,,,,,,,,23,SALICULIX SF 6 50G,No,300490,,2,0,PIECES,80.8,161.6,11.31,0,150.29,12,9.02,9.02,0,0,0,0,0,0,0,0,168.33,,,,5040166,,,,,26818.85,1654.54,1654.54,0,0,0,0,0,0.07,30128,,,,,,,,,,,,,,,,,
B2B,No,,No,Tax Invoice,R-1/4041-25,31-07-2025,22ACIPJ0528Q1ZI,RAJAT PHARMA,RAJAT PHARMA,CHHATTISGARH,JIVANREKHA PARISAR,,DURG,491001,CHHATTISGARH,,,,,,,,,,,,,,,,,24,SELZIC 300MG 10S,No,300490,,3,0,PIECES,116.8,350.4,24.53,0,325.87,12,19.55,19.55,0,0,0,0,0,0,0,0,364.97,,,,25002,,,,,26818.85,1654.54,1654.54,0,0,0,0,0,0.07,30128,,,,,,,,,,,,,,,,,
B2B,No,,No,Tax Invoice,R-1/4041-25,31-07-2025,22ACIPJ0528Q1ZI,RAJAT PHARMA,RAJAT PHARMA,CHHATTISGARH,JIVANREKHA PARISAR,,DURG,491001,CHHATTISGARH,,,,,,,,,,,,,,,,,25,SELZIC 300MG 10S,No,300490,,2,0,PIECES,116.8,233.6,16.35,0,217.25,12,13.04,13.04,0,0,0,0,0,0,0,0,243.33,,,,ASEG25001,,,,,26818.85,1654.54,1654.54,0,0,0,0,0,0.07,30128,,,,,,,,,,,,,,,,,
B2B,No,,No,Tax Invoice,R-1/4041-25,31-07-2025,22ACIPJ0528Q1ZI,RAJAT PHARMA,RAJAT PHARMA,CHHATTISGARH,JIVANREKHA PARISAR,,DURG,491001,CHHATTISGARH,,,,,,,,,,,,,,,,,26,STUGIL 10S,No,300490,,10,0,PIECES,136.87,1368.7,95.81,0,1272.89,12,76.37,76.37,0,0,0,0,0,0,0,0,1425.63,,,,24008,,,,,26818.85,1654.54,1654.54,0,0,0,0,0,0.07,30128,,,,,,,,,,,,,,,,,
B2B,No,,No,Tax Invoice,R-1/4041-25,31-07-2025,22ACIPJ0528Q1ZI,RAJAT PHARMA,RAJAT PHARMA,CHHATTISGARH,JIVANREKHA PARISAR,,DURG,491001,CHHATTISGARH,,,,,,,,,,,,,,,,,27,TAYO SOFT 60K CAP 12S,No,30045090,,2,0,PIECES,212.86,425.72,29.8,0,395.92,12,23.76,23.76,0,0,0,0,0,0,0,0,443.44,,,,GTAS24001,,,,,26818.85,1654.54,1654.54,0,0,0,0,0,0.07,30128,,,,,,,,,,,,,,,,,
B2B,No,,No,Tax Invoice,R-1/4041-25,31-07-2025,22ACIPJ0528Q1ZI,RAJAT PHARMA,RAJAT PHARMA,CHHATTISGARH,JIVANREKHA PARISAR,,DURG,491001,CHHATTISGARH,,,,,,,,,,,,,,,,,28,ZOMELIS MET  50/500 MG 15S,No,300490,,10,0,PIECES,141.04,1410.4,98.73,0,1311.67,12,78.7,78.7,0,0,0,0,0,0,0,0,1469.07,,,,AZML25008,,,,,26818.85,1654.54,1654.54,0,0,0,0,0,0.07,30128,,,,,,,,,,,,,,,,,
B2B,No,,No,Tax Invoice,R-1/4043-25,31-07-2025,22ADRPM3024G1ZS,NEW MALOO MEDICAL STORE,NEW MALOO MEDICAL STORE,CHHATTISGARH,DURG,,DURG,491001,CHHATTISGARH,,,,,,,,,,,,,,,,,1,MET XL-TRIO 25 10  S,No,30049079,,2,0,PIECES,175.71,351.42,14.06,0,337.36,12,20.24,20.24,0,0,0,0,0,0,0,0,377.84,,,,CT02875,,,,,2798.15,167.88,167.88,0,0,0,0,0,0.09,3134,,,,,,,,,,,,,,,,,
B2B,No,,No,Tax Invoice,R-1/4043-25,31-07-2025,22ADRPM3024G1ZS,NEW MALOO MEDICAL STORE,NEW MALOO MEDICAL STORE,CHHATTISGARH,DURG,,DURG,491001,CHHATTISGARH,,,,,,,,,,,,,,,,,2,SERTA 25 10S,No,300490,,3,0,PIECES,91.86,275.58,11.02,0,264.56,12,15.87,15.87,0,0,0,0,0,0,0,0,296.3,,,,2KJ4M002,,,,,2798.15,167.88,167.88,0,0,0,0,0,0.09,3134,,,,,,,,,,,,,,,,,
B2B,No,,No,Tax Invoice,R-1/4043-25,31-07-2025,22ADRPM3024G1ZS,NEW MALOO MEDICAL STORE,NEW MALOO MEDICAL STORE,CHHATTISGARH,DURG,,DURG,491001,CHHATTISGARH,,,,,,,,,,,,,,,,,3,LNBETA- 5  TAB 15S,No,30049099,,2,0,PIECES,211.57,423.14,16.93,0,406.21,12,24.37,24.37,0,0,0,0,0,0,0,0,454.95,,,,ALBB25004,,,,,2798.15,167.88,167.88,0,0,0,0,0,0.09,3134,,,,,,,,,,,,,,,,,
B2B,No,,No,Tax Invoice,R-1/4043-25,31-07-2025,22ADRPM3024G1ZS,NEW MALOO MEDICAL STORE,NEW MALOO MEDICAL STORE,CHHATTISGARH,DURG,,DURG,491001,CHHATTISGARH,,,,,,,,,,,,,,,,,4,LODOZ-2.5MG TAB 10'S,No,30049099,,2,0,PIECES,84.34,168.68,6.75,0,161.93,12,9.72,9.72,0,0,0,0,0,0,0,0,181.37,,,,22FA25004,,,,,2798.15,167.88,167.88,0,0,0,0,0,0.09,3134,,,,,,,,,,,,,,,,,
B2B,No,,No,Tax Invoice,R-1/4043-25,31-07-2025,22ADRPM3024G1ZS,NEW MALOO MEDICAL STORE,NEW MALOO MEDICAL STORE,CHHATTISGARH,DURG,,DURG,491001,CHHATTISGARH,,,,,,,,,,,,,,,,,5,ALASPAN AG SYP. 100 ML,No,30049099,,4,0,PIECES,115.71,462.84,18.51,0,444.33,12,26.66,26.66,0,0,0,0,0,0,0,0,497.65,,,,MH0014,,,,,2798.15,167.88,167.88,0,0,0,0,0,0.09,3134,,,,,,,,,,,,,,,,,
B2B,No,,No,Tax Invoice,R-1/4043-25,31-07-2025,22ADRPM3024G1ZS,NEW MALOO MEDICAL STORE,NEW MALOO MEDICAL STORE,CHHATTISGARH,DURG,,DURG,491001,CHHATTISGARH,,,,,,,,,,,,,,,,,6,KETOROL-DT TAB 15 S,No,30049067,,2,0,PIECES,126.61,253.22,10.13,0,243.09,12,14.59,14.59,0,0,0,0,0,0,0,0,272.27,,,,E2501216,,,,,2798.15,167.88,167.88,0,0,0,0,0,0.09,3134,,,,,,,,,,,,,,,,,
B2B,No,,No,Tax Invoice,R-1/4043-25,31-07-2025,22ADRPM3024G1ZS,NEW MALOO MEDICAL STORE,NEW MALOO MEDICAL STORE,CHHATTISGARH,DURG,,DURG,491001,CHHATTISGARH,,,,,,,,,,,,,,,,,7,MOXILONG-0.3 TAB 10  S,No,30049099,,2,0,PIECES,151.43,302.86,12.11,0,290.75,12,17.44,17.44,0,0,0,0,0,0,0,0,325.63,,,,MGLY0097,,,,,2798.15,167.88,167.88,0,0,0,0,0,0.09,3134,,,,,,,,,,,,,,,,,
B2B,No,,No,Tax Invoice,R-1/4043-25,31-07-2025,22ADRPM3024G1ZS,NEW MALOO MEDICAL STORE,NEW MALOO MEDICAL STORE,CHHATTISGARH,DURG,,DURG,491001,CHHATTISGARH,,,,,,,,,,,,,,,,,8,VOLIX 0.3 MG 10*10,No,30049099,,1,0,PIECES,175.71,175.71,7.03,0,168.68,12,10.12,10.12,0,0,0,0,0,0,0,0,188.92,,,,GTF3446A,,,,,2798.15,167.88,167.88,0,0,0,0,0,0.09,3134,,,,,,,,,,,,,,,,,
B2B,No,,No,Tax Invoice,R-1/4043-25,31-07-2025,22ADRPM3024G1ZS,NEW MALOO MEDICAL STORE,NEW MALOO MEDICAL STORE,CHHATTISGARH,DURG,,DURG,491001,CHHATTISGARH,,,,,,,,,,,,,,,,,9,FEBURIC-40 10  S,No,30049099,,2,0,PIECES,172.86,345.72,13.83,0,331.89,12,19.91,19.91,0,0,0,0,0,0,0,0,371.71,,,,GT07575,,,,,2798.15,167.88,167.88,0,0,0,0,0,0.09,3134,,,,,,,,,,,,,,,,,
B2B,No,,No,Tax Invoice,R-1/4043-25,31-07-2025,22ADRPM3024G1ZS,NEW MALOO MEDICAL STORE,NEW MALOO MEDICAL STORE,CHHATTISGARH,DURG,,DURG,491001,CHHATTISGARH,,,,,,,,,,,,,,,,,10,TAZPURE-LN-40 TAB 10  S,No,30049099,,1,0,PIECES,155.57,155.57,6.22,0,149.35,12,8.96,8.96,0,0,0,0,0,0,0,0,167.27,,,,BDX01ABA,,,,,2798.15,167.88,167.88,0,0,0,0,0,0.09,3134,,,,,,,,,,,,,,,,,
B2B,No,,No,Tax Invoice,R-1/4044-25,31-07-2025,22ADRPM3025H1ZP,SHREE MALOO MEDICAL,SHREE MALOO MEDICAL,CHHATTISGARH,PADNAPUR ROAD,,DURG,491001,CHHATTISGARH,,,,,,,,,,,,,,,,,1,FEVIRICH LP 10S,No,21069099,,2,0,PIECES,149.15,298.3,14.92,0,283.38,18,25.5,25.5,0,0,0,0,0,0,0,0,334.38,,,,657,,,,,283.38,25.5,25.5,0,0,0,0,0,-0.38,334,,,,,,,,,,,,,,,,,
B2B,No,,No,Tax Invoice,R-1/4045-25,31-07-2025,22AGTPJ0385J1Z6,SHREE KAMLA MEDICINE HOUSE,SHREE KAMLA MEDICINE HOUSE,CHHATTISGARH,BUS STEND,,DURG,491001,CHHATTISGARH,,,,,,,,,,,,,,,,,1,XININ -1000SR 10S,No,21069099,,5,0,PIECES,233.9,1169.5,35.08,0,1134.42,18,102.1,102.1,0,0,0,0,0,0,0,0,1338.62,,,,PT50004,,,,,1134.42,102.1,102.1,0,0,0,0,0,0.38,1339,,,,,,,,,,,,,,,,,
B2B,No,,No,Tax Invoice,R-1/4046-25,31-07-2025,22FUTPS5215M1ZY,SHRI RAM MEDICOSE,SHRI RAM MEDICOSE,CHHATTISGARH,UTAI,,UTAI,491107,CHHATTISGARH,,,,,,,,,,,,,,,,,1,EVECARE SYP 200ML,No,30049011,,2,0,PIECES,150,300,18,0,282,12,16.92,16.92,0,0,0,0,0,0,0,0,315.84,,,,252500374,,,,,1823.01,109.39,109.39,0,0,0,0,0,0.21,2042,,,,,,,,,,,,,,,,,
B2B,No,,No,Tax Invoice,R-1/4046-25,31-07-2025,22FUTPS5215M1ZY,SHRI RAM MEDICOSE,SHRI RAM MEDICOSE,CHHATTISGARH,UTAI,,UTAI,491107,CHHATTISGARH,,,,,,,,,,,,,,,,,2,VOZUCA 0.3 15S,No,30049099,,5,0,PIECES,178.93,894.65,44.73,0,849.92,12,51,51,0,0,0,0,0,0,0,0,951.92,,,,VZC241005,,,,,1823.01,109.39,109.39,0,0,0,0,0,0.21,2042,,,,,,,,,,,,,,,,,
B2B,No,,No,Tax Invoice,R-1/4046-25,31-07-2025,22FUTPS5215M1ZY,SHRI RAM MEDICOSE,SHRI RAM MEDICOSE,CHHATTISGARH,UTAI,,UTAI,491107,CHHATTISGARH,,,,,,,,,,,,,,,,,3,GLIMY-M2 FORTE 10S,No,30049099,,1,0,PIECES,126.25,126.25,6.31,0,119.94,12,7.2,7.2,0,0,0,0,0,0,0,0,134.34,,,,E2402114,,,,,1823.01,109.39,109.39,0,0,0,0,0,0.21,2042,,,,,,,,,,,,,,,,,
B2B,No,,No,Tax Invoice,R-1/4046-25,31-07-2025,22FUTPS5215M1ZY,SHRI RAM MEDICOSE,SHRI RAM MEDICOSE,CHHATTISGARH,UTAI,,UTAI,491107,CHHATTISGARH,,,,,,,,,,,,,,,,,4,PILEX FORTE CREAM 30GM,No,30049011,,2,0,PIECES,103.57,207.14,12.43,0,194.71,12,11.68,11.68,0,0,0,0,0,0,0,0,218.07,,,,442402101,,,,,1823.01,109.39,109.39,0,0,0,0,0,0.21,2042,,,,,,,,,,,,,,,,,
B2B,No,,No,Tax Invoice,R-1/4046-25,31-07-2025,22FUTPS5215M1ZY,SHRI RAM MEDICOSE,SHRI RAM MEDICOSE,CHHATTISGARH,UTAI,,UTAI,491107,CHHATTISGARH,,,,,,,,,,,,,,,,,5,PRAMIPREX 0.5 10'S,No,30049099,,3,0,PIECES,130.71,392.13,15.69,0,376.44,12,22.59,22.59,0,0,0,0,0,0,0,0,421.62,,,,SIG0739,,,,,1823.01,109.39,109.39,0,0,0,0,0,0.21,2042,,,,,,,,,,,,,,,,,
B2B,No,,No,Tax Invoice,R-1/4047-25,31-07-2025,22AIAPV4589R1ZE,VISHI MEDICOSE,VISHI MEDICOSE,CHHATTISGARH,MAHARANA CHOCK,,DURG,491001,CHHATTISGARH,,,,,,,,,,,,,,,,,1,PROLOMET XL 50 10'S,No,30049099,,2,0,PIECES,71.28,142.56,4.28,0,138.28,12,8.3,8.3,0,0,0,0,0,0,0,0,154.88,,,,GTG0817A,,,,,398.09,23.89,23.89,0,0,0,0,0,0.13,446,,,,,,,,,,,,,,,,,
B2B,No,,No,Tax Invoice,R-1/4047-25,31-07-2025,22AIAPV4589R1ZE,VISHI MEDICOSE,VISHI MEDICOSE,CHHATTISGARH,MAHARANA CHOCK,,DURG,491001,CHHATTISGARH,,,,,,,,,,,,,,,,,2,QUTIPIN 25MG TAB 10'S,No,300490,,4,0,PIECES,53.57,214.28,6.43,0,207.85,12,12.47,12.47,0,0,0,0,0,0,0,0,232.79,,,,GTG0155,,,,,398.09,23.89,23.89,0,0,0,0,0,0.13,446,,,,,,,,,,,,,,,,,
B2B,No,,No,Tax Invoice,R-1/4047-25,31-07-2025,22AIAPV4589R1ZE,VISHI MEDICOSE,VISHI MEDICOSE,CHHATTISGARH,MAHARANA CHOCK,,DURG,491001,CHHATTISGARH,,,,,,,,,,,,,,,,,3,QUTIPIN 25MG TAB 10'S,No,300490,,1,0,PIECES,53.57,53.57,1.61,0,51.96,12,3.12,3.12,0,0,0,0,0,0,0,0,58.2,,,,2471,,,,,398.09,23.89,23.89,0,0,0,0,0,0.13,446,,,,,,,,,,,,,,,,,
B2B,No,,No,Tax Invoice,R-1/4048-25,31-07-2025,22AOSPS0215B1ZD,SINHA MEDICAL STORES,SINHA MEDICAL STORES,CHHATTISGARH,TULSIPUR WARD 18,,RAJNANDGAON,491441,CHHATTISGARH,,,,,,,,,,,,,,,,,1,TADACOOL-10MG 10   S,No,30042099,,20,0,PIECES,90.71,1814.2,54.43,0,1759.77,12,105.59,105.59,0,0,0,0,0,0,0,0,1970.95,,,,ST4752,,,,,1759.77,105.59,105.59,0,0,0,0,0,0.05,1971,,,,,,,,,,,,,,,,,
B2B,No,,No,Tax Invoice,R-1/4049-25,31-07-2025,22ARDPJ3057C1ZF,JAIN MEDICAL SIKOSHA,JAIN MEDICAL SIKOSHA,CHHATTISGARH,SIKOSA,,DURG,491222,CHHATTISGARH,,,,,,,,,,,,,,,,,1,PANTOCID-DSR 10'S,No,30049039,,3,0,PIECES,175,525,21,0,504,12,30.24,30.24,0,0,0,0,0,0,0,0,564.48,,,,GTG0990A,,,,,1676.53,100.6,100.6,0,0,0,0,0,0.27,1878,,,,,,,,,,,,,,,,,
B2B,No,,No,Tax Invoice,R-1/4049-25,31-07-2025,22ARDPJ3057C1ZF,JAIN MEDICAL SIKOSHA,JAIN MEDICAL SIKOSHA,CHHATTISGARH,SIKOSA,,DURG,491222,CHHATTISGARH,,,,,,,,,,,,,,,,,2,P-SCAB LOTION 100 ML,No,30033900,,3,0,PIECES,74.41,223.23,8.93,0,214.3,12,12.86,12.86,0,0,0,0,0,0,0,0,240.02,,,,1117,,,,,1676.53,100.6,100.6,0,0,0,0,0,0.27,1878,,,,,,,,,,,,,,,,,
B2B,No,,No,Tax Invoice,R-1/4049-25,31-07-2025,22ARDPJ3057C1ZF,JAIN MEDICAL SIKOSHA,JAIN MEDICAL SIKOSHA,CHHATTISGARH,SIKOSA,,DURG,491222,CHHATTISGARH,,,,,,,,,,,,,,,,,3,PENTIDS-400 6S,No,300490,,12,0,PIECES,18.96,227.52,9.1,0,218.42,12,13.11,13.11,0,0,0,0,0,0,0,0,244.64,,,,ARL0065,,,,,1676.53,100.6,100.6,0,0,0,0,0,0.27,1878,,,,,,,,,,,,,,,,,
B2B,No,,No,Tax Invoice,R-1/4049-25,31-07-2025,22ARDPJ3057C1ZF,JAIN MEDICAL SIKOSHA,JAIN MEDICAL SIKOSHA,CHHATTISGARH,SIKOSA,,DURG,491222,CHHATTISGARH,,,,,,,,,,,,,,,,,4,BETADINE ONIT 10% 20GM 20GM,No,300490,,5,0,PIECES,110.72,553.6,70.45,0,483.15,12,28.99,28.99,0,0,0,0,0,0,0,0,541.13,,,,03825,,,,,1676.53,100.6,100.6,0,0,0,0,0,0.27,1878,,,,,,,,,,,,,,,,,
B2B,No,,No,Tax Invoice,R-1/4049-25,31-07-2025,22ARDPJ3057C1ZF,JAIN MEDICAL SIKOSHA,JAIN MEDICAL SIKOSHA,CHHATTISGARH,SIKOSA,,DURG,491222,CHHATTISGARH,,,,,,,,,,,,,,,,,5,DEXORANGE CAP 30'S,No,300450,,1,0,PIECES,133.68,133.68,5.35,0,128.33,12,7.7,7.7,0,0,0,0,0,0,0,0,143.73,,,,155017,,,,,1676.53,100.6,100.6,0,0,0,0,0,0.27,1878,,,,,,,,,,,,,,,,,
B2B,No,,No,Tax Invoice,R-1/4049-25,31-07-2025,22ARDPJ3057C1ZF,JAIN MEDICAL SIKOSHA,JAIN MEDICAL SIKOSHA,CHHATTISGARH,SIKOSA,,DURG,491222,CHHATTISGARH,,,,,,,,,,,,,,,,,6,DEXORANGE CAP 30'S,No,300450,,1,0,PIECES,133.68,133.68,5.35,0,128.33,12,7.7,7.7,0,0,0,0,0,0,0,0,143.73,,,,SM0154190,,,,,1676.53,100.6,100.6,0,0,0,0,0,0.27,1878,,,,,,,,,,,,,,,,,
B2B,No,,No,Tax Invoice,R-1/4051-25,31-07-2025,22AGDPR7843K1Z3,MANOHAR MEDICOSE,MANOHAR MEDICOSE,CHHATTISGARH,5A HOSPITAL SECTOR MARKET,,BHILAI,490001,CHHATTISGARH,,,,,,,,,,,,,,,,,1,ATORSAVE-10 MG TAB 10'S,No,300490,,4,0,PIECES,60.3,241.2,9.65,0,231.55,12,13.89,13.89,0,0,0,0,0,0,0,0,259.33,,,,AATS25001,,,,,8966.21,537.97,537.97,0,0,0,0,0,-0.15,10042,,,,,,,,,,,,,,,,,
B2B,No,,No,Tax Invoice,R-1/4051-25,31-07-2025,22AGDPR7843K1Z3,MANOHAR MEDICOSE,MANOHAR MEDICOSE,CHHATTISGARH,5A HOSPITAL SECTOR MARKET,,BHILAI,490001,CHHATTISGARH,,,,,,,,,,,,,,,,,2,DERMOTRIAD 15 GM,No,30049087,,10,1,PIECES,73.57,735.7,29.43,0,706.27,12,42.38,42.38,0,0,0,0,0,0,0,0,791.03,,,,BR50004,,,,,8966.21,537.97,537.97,0,0,0,0,0,-0.15,10042,,,,,,,,,,,,,,,,,
B2B,No,,No,Tax Invoice,R-1/4051-25,31-07-2025,22AGDPR7843K1Z3,MANOHAR MEDICOSE,MANOHAR MEDICOSE,CHHATTISGARH,5A HOSPITAL SECTOR MARKET,,BHILAI,490001,CHHATTISGARH,,,,,,,,,,,,,,,,,3,FEMCINOL-A-20 GM 20  GM,No,30042095,,10,1,PIECES,146.43,1464.3,58.57,0,1405.73,12,84.34,84.34,0,0,0,0,0,0,0,0,1574.41,,,,BR50008,,,,,8966.21,537.97,537.97,0,0,0,0,0,-0.15,10042,,,,,,,,,,,,,,,,,
B2B,No,,No,Tax Invoice,R-1/4051-25,31-07-2025,22AGDPR7843K1Z3,MANOHAR MEDICOSE,MANOHAR MEDICOSE,CHHATTISGARH,5A HOSPITAL SECTOR MARKET,,BHILAI,490001,CHHATTISGARH,,,,,,,,,,,,,,,,,4,SILOTRIF M50 10S,No,30049099,,10,0,PIECES,367.86,3678.6,147.14,0,3531.46,12,211.89,211.89,0,0,0,0,0,0,0,0,3955.24,,,,224014,,,,,8966.21,537.97,537.97,0,0,0,0,0,-0.15,10042,,,,,,,,,,,,,,,,,
B2B,No,,No,Tax Invoice,R-1/4051-25,31-07-2025,22AGDPR7843K1Z3,MANOHAR MEDICOSE,MANOHAR MEDICOSE,CHHATTISGARH,5A HOSPITAL SECTOR MARKET,,BHILAI,490001,CHHATTISGARH,,,,,,,,,,,,,,,,,5,ZICLA-M TAB         - 10'S,No,30049099,,4,0,PIECES,118.57,474.28,18.97,0,455.31,12,27.32,27.32,0,0,0,0,0,0,0,0,509.95,,,,PCKCC030,,,,,8966.21,537.97,537.97,0,0,0,0,0,-0.15,10042,,,,,,,,,,,,,,,,,
B2B,No,,No,Tax Invoice,R-1/4051-25,31-07-2025,22AGDPR7843K1Z3,MANOHAR MEDICOSE,MANOHAR MEDICOSE,CHHATTISGARH,5A HOSPITAL SECTOR MARKET,,BHILAI,490001,CHHATTISGARH,,,,,,,,,,,,,,,,,6,PULMONEXT-5 10  S,No,30049099,,2,0,PIECES,1372.86,2745.72,109.83,0,2635.89,12,158.15,158.15,0,0,0,0,0,0,0,0,2952.19,,,,BRF02135,,,,,8966.21,537.97,537.97,0,0,0,0,0,-0.15,10042,,,,,,,,,,,,,,,,,
B2B,No,,No,Tax Invoice,R-1/4053-25,31-07-2025,22AFOPJ2761E1ZO,SHIV MEDICAL STORE,SHIV MEDICAL STORE,CHHATTISGARH,BHILAI-3,,BHILAI,490025,CHHATTISGARH,,,,,,,,,,,,,,,,,1,DDR 60MG 10S,No,30049099,,1,0,PIECES,130.72,130.72,5.23,0,125.49,12,7.53,7.53,0,0,0,0,0,0,0,0,140.55,,,,11018,,,,,753.18,60.98,60.98,0,0,0,0,0,-0.14,875,,,,,,,,,,,,,,,,,
B2B,No,,No,Tax Invoice,R-1/4053-25,31-07-2025,22AFOPJ2761E1ZO,SHIV MEDICAL STORE,SHIV MEDICAL STORE,CHHATTISGARH,BHILAI-3,,BHILAI,490025,CHHATTISGARH,,,,,,,,,,,,,,,,,2,OXETOL 300 TAB 10'S,No,30049082,,1,0,PIECES,105.71,105.71,4.23,0,101.48,12,6.09,6.09,0,0,0,0,0,0,0,0,113.66,,,,SIG0186A,,,,,753.18,60.98,60.98,0,0,0,0,0,-0.14,875,,,,,,,,,,,,,,,,,
B2B,No,,No,Tax Invoice,R-1/4053-25,31-07-2025,22AFOPJ2761E1ZO,SHIV MEDICAL STORE,SHIV MEDICAL STORE,CHHATTISGARH,BHILAI-3,,BHILAI,490025,CHHATTISGARH,,,,,,,,,,,,,,,,,3,ALODERM MOST.LOTION 200ML 200 ML,No,33049930,,2,0,PIECES,274.07,548.14,21.93,0,526.21,18,47.36,47.36,0,0,0,0,0,0,0,0,620.93,,,,BR50013,,,,,753.18,60.98,60.98,0,0,0,0,0,-0.14,875,,,,,,,,,,,,,,,,,
B2B,No,,No,Tax Invoice,R-1/4054-25,31-07-2025,22AKHPA5695A1ZM,SATYAM MEDICAL STORE,SATYAM MEDICAL STORE,CHHATTISGARH,CHARODA,,BHILAI,490025,CHHATTISGARH,,,,,,,,,,,,,,,,,1,MENTAT SYP 200ML,No,30049011,,3,0,PIECES,160.72,482.16,19.29,0,462.87,12,27.77,27.77,0,0,0,0,0,0,0,0,518.41,,,,111241444,,,,,2555.29,153.32,153.32,0,0,0,0,0,0.07,2862,,,,,,,,,,,,,,,,,
B2B,No,,No,Tax Invoice,R-1/4054-25,31-07-2025,22AKHPA5695A1ZM,SATYAM MEDICAL STORE,SATYAM MEDICAL STORE,CHHATTISGARH,CHARODA,,BHILAI,490025,CHHATTISGARH,,,,,,,,,,,,,,,,,2,LEVILEX-500 10  S,No,30049081,,20,0,PIECES,108.98,2179.6,87.18,0,2092.42,12,125.55,125.55,0,0,0,0,0,0,0,0,2343.52,,,,9036B,,,,,2555.29,153.32,153.32,0,0,0,0,0,0.07,2862,,,,,,,,,,,,,,,,,
B2B,No,,No,Tax Invoice,R-1/4055-25,31-07-2025,22ABLPT5890P1ZQ,SAI MEDICO BHILAI,SAI MEDICO BHILAI,CHHATTISGARH,SMRITI NAGAR BHILAI,,BHILAI,490020,CHHATTISGARH,,,,,,,,,,,,,,,,,1,REFRESH TEARS DROP 15ML,No,30049099,,2,0,PIECES,105.94,211.88,6.36,0,205.52,12,12.33,12.33,0,0,0,0,0,0,0,0,230.18,,,,116759,,,,,205.52,12.33,12.33,0,0,0,0,0,-0.18,230,,,,,,,,,,,,,,,,,
B2B,No,,No,Tax Invoice,R-1/4059-25,31-07-2025,22FUTPS5215M1ZY,SHRI RAM MEDICOSE,SHRI RAM MEDICOSE,CHHATTISGARH,UTAI,,UTAI,491107,CHHATTISGARH,,,,,,,,,,,,,,,,,1,COFSILS ORANGE  JAR 30S,No,30049099,,99,0,PIECES,27.14,2686.86,537.46,0,2149.4,12,128.96,128.96,0,0,0,0,0,0,0,0,2407.32,,,,5M60101,,,,,3842.87,230.57,230.57,0,0,0,0,0,-0.01,4304,,,,,,,,,,,,,,,,,
B2B,No,,No,Tax Invoice,R-1/4059-25,31-07-2025,22FUTPS5215M1ZY,SHRI RAM MEDICOSE,SHRI RAM MEDICOSE,CHHATTISGARH,UTAI,,UTAI,491107,CHHATTISGARH,,,,,,,,,,,,,,,,,2,COFSILS LOMEN HONEY JAR 30 S,No,30049099,,78,0,PIECES,27.14,2116.92,423.45,0,1693.47,12,101.61,101.61,0,0,0,0,0,0,0,0,1896.69,,,,5M60138,,,,,3842.87,230.57,230.57,0,0,0,0,0,-0.01,4304,,,,,,,,,,,,,,,,,
B2B,No,,No,Tax Invoice,R-1/4059-25,31-07-2025,22FUTPS5215M1ZY,SHRI RAM MEDICOSE,SHRI RAM MEDICOSE,CHHATTISGARH,UTAI,,UTAI,491107,CHHATTISGARH,,,,,,,,,,,,,,,,,3,COFSILS GINGER LEMON JAR 30 S,No,30049099,,0,7,PIECES,25,0,0,0,0,12,0,0,0,0,0,0,0,0,0,0,0,,,,5M60058,,,,,3842.87,230.57,230.57,0,0,0,0,0,-0.01,4304,,,,,,,,,,,,,,,,,
B2B,No,,No,Tax Invoice,R-1/4059-25,31-07-2025,22FUTPS5215M1ZY,SHRI RAM MEDICOSE,SHRI RAM MEDICOSE,CHHATTISGARH,UTAI,,UTAI,491107,CHHATTISGARH,,,,,,,,,,,,,,,,,4,COFSILS GINGER LEMON JAR 30 S,No,30049099,,0,1,PIECES,25,0,0,0,0,12,0,0,0,0,0,0,0,0,0,0,0,,,,5M60058,,,,,3842.87,230.57,230.57,0,0,0,0,0,-0.01,4304,,,,,,,,,,,,,,,,,
B2B,No,,No,Tax Invoice,R-1/4059-25,31-07-2025,22FUTPS5215M1ZY,SHRI RAM MEDICOSE,SHRI RAM MEDICOSE,CHHATTISGARH,UTAI,,UTAI,491107,CHHATTISGARH,,,,,,,,,,,,,,,,,5,COFSILS MEDICATED COUGH SYRUP 100 ML,No,30049099,,0,20,PIECES,70.71,0,0,0,0,12,0,0,0,0,0,0,0,0,0,0,0,,,,CHL40178,,,,,3842.87,230.57,230.57,0,0,0,0,0,-0.01,4304,,,,,,,,,,,,,,,,,
B2B,No,,No,Tax Invoice,R-1/4063-25,31-07-2025,22AYQPK6989G1ZS,KANHA MEDICAL STORE,KANHA MEDICAL STORE,CHHATTISGARH,SMRITI NAGAR,,BHILAI,490020,CHHATTISGARH,,,,,,,,,,,,,,,,,1,MINIPRESS-XL-5 CAP 15'S,No,30049099,,2,0,PIECES,491.8,983.6,39.34,0,944.26,12,56.66,56.66,0,0,0,0,0,0,0,0,1057.58,,,,ML1790,,,,,944.26,56.66,56.66,0,0,0,0,0,0.42,1058,,,,,,,,,,,,,,,,,
B2B,No,,No,Tax Invoice,R-1/4064-25,31-07-2025,22BSCPK5675A1Z4,AVINASH MEDICAL STORE,AVINASH MEDICAL STORE,CHHATTISGARH,ETHIRAJ TOWER,,BHILAI,490023,CHHATTISGARH,,,,,,,,,,,,,,,,,1,EVION LC TAB 15*10,No,30045037,,27,0,PIECES,49.16,1327.32,0,0,1327.32,12,79.64,79.64,0,0,0,0,0,0,0,0,1486.6,,,,5146c82303,,,,,1573.12,94.39,94.39,0,0,0,0,0,0.1,1762,,,,,,,,,,,,,,,,,
B2B,No,,No,Tax Invoice,R-1/4064-25,31-07-2025,22BSCPK5675A1Z4,AVINASH MEDICAL STORE,AVINASH MEDICAL STORE,CHHATTISGARH,ETHIRAJ TOWER,,BHILAI,490023,CHHATTISGARH,,,,,,,,,,,,,,,,,2,EVION LC TAB 15*10,No,30045037,,5,0,PIECES,49.16,245.8,0,0,245.8,12,14.75,14.75,0,0,0,0,0,0,0,0,275.3,,,,5134C82301,,,,,1573.12,94.39,94.39,0,0,0,0,0,0.1,1762,,,,,,,,,,,,,,,,,
B2B,No,,No,Tax Invoice,R-1/4067-25,31-07-2025,22AASFC4234E1ZQ,COLORS PHARMACY DURG,COLORS PHARMACY DURG,CHHATTISGARH,WARD 53 OPP JEMINI HOS ADARASH NAGRA,,DURG,491001,CHHATTISGARH,,,,,,,,,,,,,,,,,1,RARICAP L SUS 150ML,No,300490,,10,0,PIECES,158.91,1589.1,0,0,1589.1,12,95.35,95.35,0,0,0,0,0,0,0,0,1779.8,,,,25006,,,,,1589.1,95.35,95.35,0,0,0,0,0,0.2,1780,,,,,,,,,,,,,,,,,
B2B,No,,No,Tax Invoice,R-1/4070-25,31-07-2025,22CRQPS7565F1Z8,JAIMINI MEDICAL AND GENRAL STORE,JAIMINI MEDICAL AND GENRAL STORE,CHHATTISGARH,WAR NO 43 KF NO 89 215 ADARSH NAGR,,DURG,491001,CHHATTISGARH,,,,,,,,,,,,,,,,,1,G75 1S,No,170230,,10,1,PIECES,44.17,441.7,13.25,0,428.45,18,38.56,38.56,0,0,0,0,0,0,0,0,505.57,,,,25005,,,,,428.45,38.56,38.56,0,0,0,0,0,0.43,506,,,,,,,,,,,,,,,,,
B2B,No,,No,Tax Invoice,R-1/4071-25,31-07-2025,22ADCPT6020C1Z6,BHARAT MEDICOSE,BHARAT MEDICOSE,CHHATTISGARH,RISALI,,BHILAI,490006,CHHATTISGARH,,,,,,,,,,,,,,,,,1,COSFEN CAP 10S,No,30049099,,1,0,PIECES,188.12,188.12,7.52,0,180.6,12,10.84,10.84,0,0,0,0,0,0,0,0,202.28,,,,HE9A24004,,,,,2522.51,158.09,158.09,0,0,0,0,0,0.31,2839,,,,,,,,,,,,,,,,,
B2B,No,,No,Tax Invoice,R-1/4071-25,31-07-2025,22ADCPT6020C1Z6,BHARAT MEDICOSE,BHARAT MEDICOSE,CHHATTISGARH,RISALI,,BHILAI,490006,CHHATTISGARH,,,,,,,,,,,,,,,,,2,LEVILEX-500 10  S,No,30049081,,3,0,PIECES,108.98,326.94,13.08,0,313.86,12,18.83,18.83,0,0,0,0,0,0,0,0,351.52,,,,9036B,,,,,2522.51,158.09,158.09,0,0,0,0,0,0.31,2839,,,,,,,,,,,,,,,,,
B2B,No,,No,Tax Invoice,R-1/4071-25,31-07-2025,22ADCPT6020C1Z6,BHARAT MEDICOSE,BHARAT MEDICOSE,CHHATTISGARH,RISALI,,BHILAI,490006,CHHATTISGARH,,,,,,,,,,,,,,,,,3,RISDONE FORTE TAB 10'S,No,30049099,,21,0,PIECES,89.46,1878.66,75.15,0,1803.51,12,108.21,108.21,0,0,0,0,0,0,0,0,2019.93,,,,N2500766,,,,,2522.51,158.09,158.09,0,0,0,0,0,0.31,2839,,,,,,,,,,,,,,,,,
B2B,No,,No,Tax Invoice,R-1/4071-25,31-07-2025,22ADCPT6020C1Z6,BHARAT MEDICOSE,BHARAT MEDICOSE,CHHATTISGARH,RISALI,,BHILAI,490006,CHHATTISGARH,,,,,,,,,,,,,,,,,4,XININ -1000SR 10S,No,21069099,,1,0,PIECES,233.9,233.9,9.36,0,224.54,18,20.21,20.21,0,0,0,0,0,0,0,0,264.96,,,,PT50004,,,,,2522.51,158.09,158.09,0,0,0,0,0,0.31,2839,,,,,,,,,,,,,,,,,
B2B,No,,No,Tax Invoice,R-1/4072-25,31-07-2025,22AASPJ4840R1Z3,SNEHA MEDICAL STORES,SNEHA MEDICAL STORES,CHHATTISGARH,NEW BUS STAND491-995,,KAWARDHA,491995,CHHATTISGARH,,,,,,,,,,,,,,,,,1,REUNION TAB 10S,No,300490,,91,9,PIECES,274,24934,0,0,24934,12,1496.04,1496.04,0,0,0,0,0,0,0,0,27926.08,,,,HTB005,,,,,24934,1496.04,1496.04,0,0,0,0,0,-0.08,27926,,,,,,,,,,,,,,,,,
B2B,No,,No,Tax Invoice,R-1/4073-25,31-07-2025,22ADRPM3025H1ZP,SHREE MALOO MEDICAL,SHREE MALOO MEDICAL,CHHATTISGARH,PADNAPUR ROAD,,DURG,491001,CHHATTISGARH,,,,,,,,,,,,,,,,,1,ROSUFIT-CV-20 10  S,No,30049099,,1,0,PIECES,333.57,333.57,16.68,0,316.89,12,19.01,19.01,0,0,0,0,0,0,0,0,354.91,,,,ARV2501,,,,,1209.4,72.57,72.57,0,0,0,0,0,0.46,1355,,,,,,,,,,,,,,,,,
B2B,No,,No,Tax Invoice,R-1/4073-25,31-07-2025,22ADRPM3025H1ZP,SHREE MALOO MEDICAL,SHREE MALOO MEDICAL,CHHATTISGARH,PADNAPUR ROAD,,DURG,491001,CHHATTISGARH,,,,,,,,,,,,,,,,,2,PROPYGENTA NF CREAM 30 GM,No,30042099,,2,0,PIECES,175,350,17.5,0,332.5,12,19.95,19.95,0,0,0,0,0,0,0,0,372.4,,,,C373,,,,,1209.4,72.57,72.57,0,0,0,0,0,0.46,1355,,,,,,,,,,,,,,,,,
B2B,No,,No,Tax Invoice,R-1/4073-25,31-07-2025,22ADRPM3025H1ZP,SHREE MALOO MEDICAL,SHREE MALOO MEDICAL,CHHATTISGARH,PADNAPUR ROAD,,DURG,491001,CHHATTISGARH,,,,,,,,,,,,,,,,,3,MET-XL-12.5 MG 10  S,No,30049074,,2,0,PIECES,83.57,167.14,8.36,0,158.78,12,9.53,9.53,0,0,0,0,0,0,0,0,177.84,,,,GT04545,,,,,1209.4,72.57,72.57,0,0,0,0,0,0.46,1355,,,,,,,,,,,,,,,,,
B2B,No,,No,Tax Invoice,R-1/4073-25,31-07-2025,22ADRPM3025H1ZP,SHREE MALOO MEDICAL,SHREE MALOO MEDICAL,CHHATTISGARH,PADNAPUR ROAD,,DURG,491001,CHHATTISGARH,,,,,,,,,,,,,,,,,4,OLMIN-20 10 S,No,300490,,2,0,PIECES,137.96,275.92,13.8,0,262.12,12,15.73,15.73,0,0,0,0,0,0,0,0,293.58,,,,AOMG25001,,,,,1209.4,72.57,72.57,0,0,0,0,0,0.46,1355,,,,,,,,,,,,,,,,,
B2B,No,,No,Tax Invoice,R-1/4073-25,31-07-2025,22ADRPM3025H1ZP,SHREE MALOO MEDICAL,SHREE MALOO MEDICAL,CHHATTISGARH,PADNAPUR ROAD,,DURG,491001,CHHATTISGARH,,,,,,,,,,,,,,,,,5,SUCRAL SUSP. 200ML,No,30049039,,1,0,PIECES,146.43,146.43,7.32,0,139.11,12,8.35,8.35,0,0,0,0,0,0,0,0,155.81,,,,SSC411224,,,,,1209.4,72.57,72.57,0,0,0,0,0,0.46,1355,,,,,,,,,,,,,,,,,
B2B,No,,No,Tax Invoice,R-1/4077-25,31-07-2025,22AIDPD7813P1Z8,SARSWATI MEDICAL STORE,SARSWATI MEDICAL STORE,CHHATTISGARH,JIVANREKHA PARISAR,,DURG,491001,CHHATTISGARH,,,,,,,,,,,,,,,,,1,FENAC-P TAB 1*1000,No,30049099,,750,0,PIECES,6.08,4560,319.2,0,4240.8,12,254.45,254.45,0,0,0,0,0,0,0,0,4749.7,,,,V24104516,,,,,4240.8,254.45,254.45,0,0,0,0,0,0.3,4750,,,,,,,,,,,,,,,,,
B2B,No,,No,Tax Invoice,R-1/4078-25,31-07-2025,22EMFPS9168Q1Z1,DISHA MEDICAL STORES,DISHA MEDICAL STORES,CHHATTISGARH,NEHRU NAGAR,,BHILAI,490020,CHHATTISGARH,,,,,,,,,,,,,,,,,1,NICOTEX-PAAN-2 MG 12 S,No,24049100,,36,0,PIECES,82.03,2953.08,88.59,0,2864.49,18,257.8,257.8,0,0,0,0,0,0,0,0,3380.09,,,,4M90406,,,,,3182.77,286.45,286.45,0,0,0,0,0,0.33,3756,,,,,,,,,,,,,,,,,
B2B,No,,No,Tax Invoice,R-1/4078-25,31-07-2025,22EMFPS9168Q1Z1,DISHA MEDICAL STORES,DISHA MEDICAL STORES,CHHATTISGARH,NEHRU NAGAR,,BHILAI,490020,CHHATTISGARH,,,,,,,,,,,,,,,,,2,NICOTEX-PAAN-2 MG 12 S,No,24049100,,4,2,PIECES,82.03,328.12,9.84,0,318.28,18,28.65,28.65,0,0,0,0,0,0,0,0,375.58,,,,4M90406,,,,,3182.77,286.45,286.45,0,0,0,0,0,0.33,3756,,,,,,,,,,,,,,,,,
B2B,No,,No,Tax Invoice,R-1/4085-25,31-07-2025,22ADRPM3024G1ZS,NEW MALOO MEDICAL STORE,NEW MALOO MEDICAL STORE,CHHATTISGARH,DURG,,DURG,491001,CHHATTISGARH,,,,,,,,,,,,,,,,,1,CLAVIX GOLD 20MG 15C,No,30049099,,2,0,PIECES,102.5,205,8.2,0,196.8,12,11.81,11.81,0,0,0,0,0,0,0,0,220.42,,,,TF24M323,,,,,747.74,51.7,51.7,0,0,0,0,0,-0.14,851,,,,,,,,,,,,,,,,,
B2B,No,,No,Tax Invoice,R-1/4085-25,31-07-2025,22ADRPM3024G1ZS,NEW MALOO MEDICAL STORE,NEW MALOO MEDICAL STORE,CHHATTISGARH,DURG,,DURG,491001,CHHATTISGARH,,,,,,,,,,,,,,,,,2,G.32 TAB 100TAB,No,30049011,,1,0,PIECES,125,125,5,0,120,12,7.2,7.2,0,0,0,0,0,0,0,0,134.4,,,,829,,,,,747.74,51.7,51.7,0,0,0,0,0,-0.14,851,,,,,,,,,,,,,,,,,
B2B,No,,No,Tax Invoice,R-1/4085-25,31-07-2025,22ADRPM3024G1ZS,NEW MALOO MEDICAL STORE,NEW MALOO MEDICAL STORE,CHHATTISGARH,DURG,,DURG,491001,CHHATTISGARH,,,,,,,,,,,,,,,,,3,ZORYL-M-4 FORTE TAB 10'S,No,30045039,,1,0,PIECES,211.61,211.61,8.46,0,203.15,12,12.19,12.19,0,0,0,0,0,0,0,0,227.53,,,,ATF24063,,,,,747.74,51.7,51.7,0,0,0,0,0,-0.14,851,,,,,,,,,,,,,,,,,
B2B,No,,No,Tax Invoice,R-1/4085-25,31-07-2025,22ADRPM3024G1ZS,NEW MALOO MEDICAL STORE,NEW MALOO MEDICAL STORE,CHHATTISGARH,DURG,,DURG,491001,CHHATTISGARH,,,,,,,,,,,,,,,,,4,SENSODENT K FAST 125GM,No,30061020,,2,0,PIECES,118.64,237.28,9.49,0,227.79,18,20.5,20.5,0,0,0,0,0,0,0,0,268.79,,,,25250039,,,,,747.74,51.7,51.7,0,0,0,0,0,-0.14,851,,,,,,,,,,,,,,,,,
B2B,No,,No,Tax Invoice,R-1/4088-25,31-07-2025,22AAVCA3707G1ZR,AMBEY MEDICAL STORE PVT LTD,AMBEY MEDICAL STORE PVT LTD,CHHATTISGARH,A19 MAHAVEER BUSINESS PARK,,DURG,491001,CHHATTISGARH,,,,,,,,,,,,,,,,,1,DRONIS-30 24S,No,300660,,1,0,PIECES,460,460,23,0,437,0,0,0,0,0,0,0,0,0,0,0,437,,,,GKG0516,,,,,8056.26,457.16,457.16,0,0,0,0,0,0.42,8971,,,,,,,,,,,,,,,,,
B2B,No,,No,Tax Invoice,R-1/4088-25,31-07-2025,22AAVCA3707G1ZR,AMBEY MEDICAL STORE PVT LTD,AMBEY MEDICAL STORE PVT LTD,CHHATTISGARH,A19 MAHAVEER BUSINESS PARK,,DURG,491001,CHHATTISGARH,,,,,,,,,,,,,,,,,2,ALPHAGAN-Z DROP 5ML,No,30049099,,1,0,PIECES,418.03,418.03,20.9,0,397.13,12,23.83,23.83,0,0,0,0,0,0,0,0,444.79,,,,117216,,,,,8056.26,457.16,457.16,0,0,0,0,0,0.42,8971,,,,,,,,,,,,,,,,,
B2B,No,,No,Tax Invoice,R-1/4088-25,31-07-2025,22AAVCA3707G1ZR,AMBEY MEDICAL STORE PVT LTD,AMBEY MEDICAL STORE PVT LTD,CHHATTISGARH,A19 MAHAVEER BUSINESS PARK,,DURG,491001,CHHATTISGARH,,,,,,,,,,,,,,,,,3,ALPHAGAN-Z DROP 5ML,No,30049099,,1,0,PIECES,418.03,418.03,20.9,0,397.13,12,23.83,23.83,0,0,0,0,0,0,0,0,444.79,,,,115863,,,,,8056.26,457.16,457.16,0,0,0,0,0,0.42,8971,,,,,,,,,,,,,,,,,
B2B,No,,No,Tax Invoice,R-1/4088-25,31-07-2025,22AAVCA3707G1ZR,AMBEY MEDICAL STORE PVT LTD,AMBEY MEDICAL STORE PVT LTD,CHHATTISGARH,A19 MAHAVEER BUSINESS PARK,,DURG,491001,CHHATTISGARH,,,,,,,,,,,,,,,,,4,EVION-400 CAP 10 S,No,30045037,,100,10,PIECES,68.25,6825,0,0,6825,12,409.5,409.5,0,0,0,0,0,0,0,0,7644,,,,5139C59911,,,,,8056.26,457.16,457.16,0,0,0,0,0,0.42,8971,,,,,,,,,,,,,,,,,
B2B,No,,No,Tax Invoice,R-1/4089-25,31-07-2025,22ACAPS5331C1Z7,GANESH MEDICAL STORE,GANESH MEDICAL STORE,CHHATTISGARH,MANA MANDIR CHOWK,,RAJNANDGAON,491441,CHHATTISGARH,,,,,,,,,,,,,,,,,1,BACLOF-OD-30 TAB 10'S,No,30049099,,2,0,PIECES,379.43,758.86,30.35,0,728.51,5,18.21,18.21,0,0,0,0,0,0,0,0,764.93,,,,K2402590,,,,,5569.94,369.1,369.1,0,0,0,0,0,-0.14,6308,,,,,,,,,,,,,,,,,
B2B,No,,No,Tax Invoice,R-1/4089-25,31-07-2025,22ACAPS5331C1Z7,GANESH MEDICAL STORE,GANESH MEDICAL STORE,CHHATTISGARH,MANA MANDIR CHOWK,,RAJNANDGAON,491441,CHHATTISGARH,,,,,,,,,,,,,,,,,2,LIPICURE-AS-75 10'S,No,30049099,,3,0,PIECES,30.18,90.54,3.62,0,86.92,12,5.22,5.22,0,0,0,0,0,0,0,0,97.36,,,,K2402775,,,,,5569.94,369.1,369.1,0,0,0,0,0,-0.14,6308,,,,,,,,,,,,,,,,,
B2B,No,,No,Tax Invoice,R-1/4089-25,31-07-2025,22ACAPS5331C1Z7,GANESH MEDICAL STORE,GANESH MEDICAL STORE,CHHATTISGARH,MANA MANDIR CHOWK,,RAJNANDGAON,491441,CHHATTISGARH,,,,,,,,,,,,,,,,,3,VELTAM-PLUS TAB 10'S,No,30049099,,2,0,PIECES,409.29,818.58,32.74,0,785.84,12,47.15,47.15,0,0,0,0,0,0,0,0,880.14,,,,N2501363,,,,,5569.94,369.1,369.1,0,0,0,0,0,-0.14,6308,,,,,,,,,,,,,,,,,
B2B,No,,No,Tax Invoice,R-1/4089-25,31-07-2025,22ACAPS5331C1Z7,GANESH MEDICAL STORE,GANESH MEDICAL STORE,CHHATTISGARH,MANA MANDIR CHOWK,,RAJNANDGAON,491441,CHHATTISGARH,,,,,,,,,,,,,,,,,4,LACTODEX FOLLOWUP 2 (1000 G) 1000GM,No,19011090,,1,0,PIECES,804.66,804.66,32.19,0,772.47,18,69.52,69.52,0,0,0,0,0,0,0,0,911.51,,,,DG44250371,,,,,5569.94,369.1,369.1,0,0,0,0,0,-0.14,6308,,,,,,,,,,,,,,,,,
B2B,No,,No,Tax Invoice,R-1/4089-25,31-07-2025,22ACAPS5331C1Z7,GANESH MEDICAL STORE,GANESH MEDICAL STORE,CHHATTISGARH,MANA MANDIR CHOWK,,RAJNANDGAON,491441,CHHATTISGARH,,,,,,,,,,,,,,,,,5,LACTODEX START(1) 500GM,No,19011090,,2,0,PIECES,430.93,861.86,34.47,0,827.39,18,74.47,74.47,0,0,0,0,0,0,0,0,976.33,,,,250198,,,,,5569.94,369.1,369.1,0,0,0,0,0,-0.14,6308,,,,,,,,,,,,,,,,,
B2B,No,,No,Tax Invoice,R-1/4089-25,31-07-2025,22ACAPS5331C1Z7,GANESH MEDICAL STORE,GANESH MEDICAL STORE,CHHATTISGARH,MANA MANDIR CHOWK,,RAJNANDGAON,491441,CHHATTISGARH,,,,,,,,,,,,,,,,,6,LACTODEX  (4) 500GM,No,19011090,,1,0,PIECES,430.93,430.93,17.24,0,413.69,18,37.23,37.23,0,0,0,0,0,0,0,0,488.15,,,,250030,,,,,5569.94,369.1,369.1,0,0,0,0,0,-0.14,6308,,,,,,,,,,,,,,,,,
B2B,No,,No,Tax Invoice,R-1/4089-25,31-07-2025,22ACAPS5331C1Z7,GANESH MEDICAL STORE,GANESH MEDICAL STORE,CHHATTISGARH,MANA MANDIR CHOWK,,RAJNANDGAON,491441,CHHATTISGARH,,,,,,,,,,,,,,,,,7,EMBETA-AM-50 10'S,No,30049074,,2,0,PIECES,116.96,233.92,9.36,0,224.56,12,13.47,13.47,0,0,0,0,0,0,0,0,251.5,,,,N2500848,,,,,5569.94,369.1,369.1,0,0,0,0,0,-0.14,6308,,,,,,,,,,,,,,,,,
B2B,No,,No,Tax Invoice,R-1/4089-25,31-07-2025,22ACAPS5331C1Z7,GANESH MEDICAL STORE,GANESH MEDICAL STORE,CHHATTISGARH,MANA MANDIR CHOWK,,RAJNANDGAON,491441,CHHATTISGARH,,,,,,,,,,,,,,,,,8,SERTASPOR CREAM- 30GM,No,30049099,,3,0,PIECES,235.71,707.13,28.29,0,678.84,12,40.73,40.73,0,0,0,0,0,0,0,0,760.3,,,,I25023,,,,,5569.94,369.1,369.1,0,0,0,0,0,-0.14,6308,,,,,,,,,,,,,,,,,
B2B,No,,No,Tax Invoice,R-1/4089-25,31-07-2025,22ACAPS5331C1Z7,GANESH MEDICAL STORE,GANESH MEDICAL STORE,CHHATTISGARH,MANA MANDIR CHOWK,,RAJNANDGAON,491441,CHHATTISGARH,,,,,,,,,,,,,,,,,9,MORR 3% SOLUTION 60 ML,No,30049099,,1,0,PIECES,339.29,339.29,13.57,0,325.72,12,19.54,19.54,0,0,0,0,0,0,0,0,364.8,,,,TIM24057,,,,,5569.94,369.1,369.1,0,0,0,0,0,-0.14,6308,,,,,,,,,,,,,,,,,
B2B,No,,No,Tax Invoice,R-1/4089-25,31-07-2025,22ACAPS5331C1Z7,GANESH MEDICAL STORE,GANESH MEDICAL STORE,CHHATTISGARH,MANA MANDIR CHOWK,,RAJNANDGAON,491441,CHHATTISGARH,,,,,,,,,,,,,,,,,10,GABAPIN-NT-100 10  S,No,30049099,,5,0,PIECES,151.25,756.25,30.25,0,726,12,43.56,43.56,0,0,0,0,0,0,0,0,813.12,,,,N2501588,,,,,5569.94,369.1,369.1,0,0,0,0,0,-0.14,6308,,,,,,,,,,,,,,,,,
B2B,No,,No,Tax Invoice,R-1/4091-25,31-07-2025,22AAQPJ4104N1ZO,ARIHANT MEDICOSE RAJNANDGAON,ARIHANT MEDICOSE RAJNANDGAON,CHHATTISGARH,SADAR LINE,,RAJNANDGAON,491441,CHHATTISGARH,,,,,,,,,,,,,,,,,1,CORFLAM SUS 60ML,No,30049063,,100,20,PIECES,28.43,2843,199.01,0,2643.99,12,158.64,158.64,0,0,0,0,0,0,0,0,2961.27,,,,V25L1713,,,,,7702.19,593.93,593.93,0,0,0,0,0,-0.05,8890,,,,,,,,,,,,,,,,,
B2B,No,,No,Tax Invoice,R-1/4091-25,31-07-2025,22AAQPJ4104N1ZO,ARIHANT MEDICOSE RAJNANDGAON,ARIHANT MEDICOSE RAJNANDGAON,CHHATTISGARH,SADAR LINE,,RAJNANDGAON,491441,CHHATTISGARH,,,,,,,,,,,,,,,,,2,TAXIM-O-DRY SYP 30ML,No,30042019,,18,2,PIECES,39.69,714.42,50.01,0,664.41,12,39.86,39.86,0,0,0,0,0,0,0,0,744.13,,,,25460904,,,,,7702.19,593.93,593.93,0,0,0,0,0,-0.05,8890,,,,,,,,,,,,,,,,,
B2B,No,,No,Tax Invoice,R-1/4091-25,31-07-2025,22AAQPJ4104N1ZO,ARIHANT MEDICOSE RAJNANDGAON,ARIHANT MEDICOSE RAJNANDGAON,CHHATTISGARH,SADAR LINE,,RAJNANDGAON,491441,CHHATTISGARH,,,,,,,,,,,,,,,,,3,GLY-SEB SOAP 75GM,No,34011190,,40,0,PIECES,74.15,2966,207.62,0,2758.38,18,248.25,248.25,0,0,0,0,0,0,0,0,3254.88,,,,119,,,,,7702.19,593.93,593.93,0,0,0,0,0,-0.05,8890,,,,,,,,,,,,,,,,,
B2B,No,,No,Tax Invoice,R-1/4091-25,31-07-2025,22AAQPJ4104N1ZO,ARIHANT MEDICOSE RAJNANDGAON,ARIHANT MEDICOSE RAJNANDGAON,CHHATTISGARH,SADAR LINE,,RAJNANDGAON,491441,CHHATTISGARH,,,,,,,,,,,,,,,,,4,P-SCAB SOAP 75GM,No,34011110,,10,0,PIECES,74.15,741.5,51.9,0,689.6,18,62.06,62.06,0,0,0,0,0,0,0,0,813.72,,,,P71,,,,,7702.19,593.93,593.93,0,0,0,0,0,-0.05,8890,,,,,,,,,,,,,,,,,
B2B,No,,No,Tax Invoice,R-1/4091-25,31-07-2025,22AAQPJ4104N1ZO,ARIHANT MEDICOSE RAJNANDGAON,ARIHANT MEDICOSE RAJNANDGAON,CHHATTISGARH,SADAR LINE,,RAJNANDGAON,491441,CHHATTISGARH,,,,,,,,,,,,,,,,,5,A TO Z DROPS 1'S,No,21069099,,10,0,PIECES,101.7,1017,71.19,0,945.81,18,85.12,85.12,0,0,0,0,0,0,0,0,1116.05,,,,25490358,,,,,7702.19,593.93,593.93,0,0,0,0,0,-0.05,8890,,,,,,,,,,,,,,,,,
B2B,No,,No,Tax Invoice,R-1/4093-25,31-07-2025,22ACGPJ4042D1ZA,JAIN MEDICAL&SURGICAL STORE,JAIN MEDICAL&SURGICAL STORE,CHHATTISGARH,JIVANREKHA PARISAR,,DURG,491001,CHHATTISGARH,,,,,,,,,,,,,,,,,1,MARKAL CALAMINE 60ML,No,33049930,,20,0,PIECES,67.8,1356,94.92,0,1261.08,18,113.5,113.5,0,0,0,0,0,0,0,0,1488.08,,,,1044,,,,,17229.76,1467.65,1467.65,0,0,0,0,0,-0.06,20165,,,,,,,,,,,,,,,,,
B2B,No,,No,Tax Invoice,R-1/4093-25,31-07-2025,22ACGPJ4042D1ZA,JAIN MEDICAL&SURGICAL STORE,JAIN MEDICAL&SURGICAL STORE,CHHATTISGARH,JIVANREKHA PARISAR,,DURG,491001,CHHATTISGARH,,,,,,,,,,,,,,,,,2,KETOPZ SOAP 75GM,No,34011110,,50,0,PIECES,84.74,4237,296.59,0,3940.41,18,354.64,354.64,0,0,0,0,0,0,0,0,4649.69,,,,49,,,,,17229.76,1467.65,1467.65,0,0,0,0,0,-0.06,20165,,,,,,,,,,,,,,,,,
B2B,No,,No,Tax Invoice,R-1/4093-25,31-07-2025,22ACGPJ4042D1ZA,JAIN MEDICAL&SURGICAL STORE,JAIN MEDICAL&SURGICAL STORE,CHHATTISGARH,JIVANREKHA PARISAR,,DURG,491001,CHHATTISGARH,,,,,,,,,,,,,,,,,3,GLY-SEB SOAP 75GM,No,34011190,,50,0,PIECES,74.15,3707.5,259.52,0,3447.98,18,310.32,310.32,0,0,0,0,0,0,0,0,4068.62,,,,119,,,,,17229.76,1467.65,1467.65,0,0,0,0,0,-0.06,20165,,,,,,,,,,,,,,,,,
B2B,No,,No,Tax Invoice,R-1/4093-25,31-07-2025,22ACGPJ4042D1ZA,JAIN MEDICAL&SURGICAL STORE,JAIN MEDICAL&SURGICAL STORE,CHHATTISGARH,JIVANREKHA PARISAR,,DURG,491001,CHHATTISGARH,,,,,,,,,,,,,,,,,4,ACNIL SOAP 75GM,No,34011190,,50,0,PIECES,74.15,3707.5,259.52,0,3447.98,18,310.32,310.32,0,0,0,0,0,0,0,0,4068.62,,,,A125,,,,,17229.76,1467.65,1467.65,0,0,0,0,0,-0.06,20165,,,,,,,,,,,,,,,,,
B2B,No,,No,Tax Invoice,R-1/4093-25,31-07-2025,22ACGPJ4042D1ZA,JAIN MEDICAL&SURGICAL STORE,JAIN MEDICAL&SURGICAL STORE,CHHATTISGARH,JIVANREKHA PARISAR,,DURG,491001,CHHATTISGARH,,,,,,,,,,,,,,,,,5,ACNIL FACE WAS 75GM,No,33049930,,10,0,PIECES,127.12,1271.2,88.98,0,1182.22,18,106.4,106.4,0,0,0,0,0,0,0,0,1395.02,,,,1005,,,,,17229.76,1467.65,1467.65,0,0,0,0,0,-0.06,20165,,,,,,,,,,,,,,,,,
B2B,No,,No,Tax Invoice,R-1/4093-25,31-07-2025,22ACGPJ4042D1ZA,JAIN MEDICAL&SURGICAL STORE,JAIN MEDICAL&SURGICAL STORE,CHHATTISGARH,JIVANREKHA PARISAR,,DURG,491001,CHHATTISGARH,,,,,,,,,,,,,,,,,6,ACNIL FACE WAS 75GM,No,33049930,,10,0,PIECES,127.12,1271.2,88.98,0,1182.22,18,106.4,106.4,0,0,0,0,0,0,0,0,1395.02,,,,1005,,,,,17229.76,1467.65,1467.65,0,0,0,0,0,-0.06,20165,,,,,,,,,,,,,,,,,
B2B,No,,No,Tax Invoice,R-1/4093-25,31-07-2025,22ACGPJ4042D1ZA,JAIN MEDICAL&SURGICAL STORE,JAIN MEDICAL&SURGICAL STORE,CHHATTISGARH,JIVANREKHA PARISAR,,DURG,491001,CHHATTISGARH,,,,,,,,,,,,,,,,,7,P-SCAB LOTION 100 ML,No,30033900,,20,0,PIECES,74.41,1488.2,104.17,0,1384.03,12,83.04,83.04,0,0,0,0,0,0,0,0,1550.11,,,,1117,,,,,17229.76,1467.65,1467.65,0,0,0,0,0,-0.06,20165,,,,,,,,,,,,,,,,,
B2B,No,,No,Tax Invoice,R-1/4093-25,31-07-2025,22ACGPJ4042D1ZA,JAIN MEDICAL&SURGICAL STORE,JAIN MEDICAL&SURGICAL STORE,CHHATTISGARH,JIVANREKHA PARISAR,,DURG,491001,CHHATTISGARH,,,,,,,,,,,,,,,,,8,P-SCAB LOTION 40ML,No,30033900,,20,0,PIECES,29.76,595.2,41.66,0,553.54,12,33.21,33.21,0,0,0,0,0,0,0,0,619.96,,,,1114,,,,,17229.76,1467.65,1467.65,0,0,0,0,0,-0.06,20165,,,,,,,,,,,,,,,,,
B2B,No,,No,Tax Invoice,R-1/4093-25,31-07-2025,22ACGPJ4042D1ZA,JAIN MEDICAL&SURGICAL STORE,JAIN MEDICAL&SURGICAL STORE,CHHATTISGARH,JIVANREKHA PARISAR,,DURG,491001,CHHATTISGARH,,,,,,,,,,,,,,,,,9,P-SCAB LOTION 60ML,No,30033900,,20,0,PIECES,44.64,892.8,62.5,0,830.3,12,49.82,49.82,0,0,0,0,0,0,0,0,929.94,,,,1114,,,,,17229.76,1467.65,1467.65,0,0,0,0,0,-0.06,20165,,,,,,,,,,,,,,,,,
B2B,No,,No,Tax Invoice,R-1/4095-25,31-07-2025,22ACAPS5331C1Z7,GANESH MEDICAL STORE,GANESH MEDICAL STORE,CHHATTISGARH,MANA MANDIR CHOWK,,RAJNANDGAON,491441,CHHATTISGARH,,,,,,,,,,,,,,,,,1,VENUSIA MAX CREM  PARABE 150 GM,No,33049930,,70,0,PIECES,501.01,35070.7,10917.51,0,24153.19,18,2173.79,2173.79,0,0,0,0,0,0,0,0,28500.77,,,,BZD5099,,,,,52980.73,4768.27,4768.27,0,0,0,0,0,-0.27,62517,,,,,,,,,,,,,,,,,
B2B,No,,No,Tax Invoice,R-1/4095-25,31-07-2025,22ACAPS5331C1Z7,GANESH MEDICAL STORE,GANESH MEDICAL STORE,CHHATTISGARH,MANA MANDIR CHOWK,,RAJNANDGAON,491441,CHHATTISGARH,,,,,,,,,,,,,,,,,2,VENUSIA MAX LOTON  PARAB 300GM,No,33049930,,70,0,PIECES,597.97,41857.9,13030.36,0,28827.54,18,2594.48,2594.48,0,0,0,0,0,0,0,0,34016.5,,,,BZD5097,,,,,52980.73,4768.27,4768.27,0,0,0,0,0,-0.27,62517,,,,,,,,,,,,,,,,,
B2B,No,,No,Tax Invoice,R-1/4098-25,31-07-2025,22AAFFB3499R1ZW,BHARAT AGENCIES,BHARAT AGENCIES,CHHATTISGARH,MARWADI SCHOOL ROAD,,DURG,491001,CHHATTISGARH,,,,,,,,,,,,,,,,,1,CALADRYL LOTION 65 ML,No,30049099,,10,0,PIECES,61.58,615.8,30.79,0,585.01,12,35.1,35.1,0,0,0,0,0,0,0,0,655.21,,,,CAZF025,,,,,1835.72,126.02,126.02,0,0,0,0,0,0.24,2088,,,,,,,,,,,,,,,,,
B2B,No,,No,Tax Invoice,R-1/4098-25,31-07-2025,22AAFFB3499R1ZW,BHARAT AGENCIES,BHARAT AGENCIES,CHHATTISGARH,MARWADI SCHOOL ROAD,,DURG,491001,CHHATTISGARH,,,,,,,,,,,,,,,,,2,LACTO CALAMINE (GR) 30 ML,No,33049990,,6,0,PIECES,64.1,384.6,19.23,0,365.37,18,32.88,32.88,0,0,0,0,0,0,0,0,431.13,,,,DAMF025,,,,,1835.72,126.02,126.02,0,0,0,0,0,0.24,2088,,,,,,,,,,,,,,,,,
B2B,No,,No,Tax Invoice,R-1/4098-25,31-07-2025,22AAFFB3499R1ZW,BHARAT AGENCIES,BHARAT AGENCIES,CHHATTISGARH,MARWADI SCHOOL ROAD,,DURG,491001,CHHATTISGARH,,,,,,,,,,,,,,,,,3,LACTO CALAMIN PARPAL( OIL) 60 ML,No,33049990,,6,0,PIECES,113.13,678.78,33.94,0,644.84,18,58.04,58.04,0,0,0,0,0,0,0,0,760.92,,,,DACF026,,,,,1835.72,126.02,126.02,0,0,0,0,0,0.24,2088,,,,,,,,,,,,,,,,,
B2B,No,,No,Tax Invoice,R-1/4098-25,31-07-2025,22AAFFB3499R1ZW,BHARAT AGENCIES,BHARAT AGENCIES,CHHATTISGARH,MARWADI SCHOOL ROAD,,DURG,491001,CHHATTISGARH,,,,,,,,,,,,,,,,,4,I-PILL 1 S,No,30066010,,4,0,PIECES,63.29,253.16,12.66,0,240.5,0,0,0,0,0,0,0,0,0,0,0,240.5,,,,IPFC002,,,,,1835.72,126.02,126.02,0,0,0,0,0,0.24,2088,,,,,,,,,,,,,,,,,
B2B,No,,No,Tax Invoice,R-1/4098-25,31-07-2025,22AAFFB3499R1ZW,BHARAT AGENCIES,BHARAT AGENCIES,CHHATTISGARH,MARWADI SCHOOL ROAD,,DURG,491001,CHHATTISGARH,,,,,,,,,,,,,,,,,5,I-KNOW PREGNA TEST KIT 5  S,No,38221910,,0,4,PIECES,1,0,0,0,0,12,0,0,0,0,0,0,0,0,0,0,0,,,,IHFF012,,,,,1835.72,126.02,126.02,0,0,0,0,0,0.24,2088,,,,,,,,,,,,,,,,,
